{
  "info_geral": {
    "yaml_file": "barragem1.yaml",
    "xdmf_file": "barragem1.xdmf",
    "msh_file": "barragem1.msh",
    "tipo_numeracao": "XDMF/H5 (para solver)",
    "mapeamentos": {
      "physical_surfaces": {
        "camada_material_1": 1,
        "camada_material_2": 2,
        "camada_material_3": 3,
        "camada_material_4": 4,
        "camada_material_5": 5,
        "camada_material_6": 6,
        "camada_material_7": 7,
        "camada_material_8": 8,
        "camada_material_9": 9,
        "camada_material_10": 10
      },
      "physical_lines": {
        "ISOLAMENTO_PERFEITO": 11,
        "FUNDACAO_TOPO": 12,
        "FACE_MONTANTE_1": 13,
        "FACE_JUSANTE_1": 14,
        "FACE_MONTANTE_2": 15,
        "FACE_JUSANTE_2": 16,
        "FACE_MONTANTE_3": 17,
        "FACE_JUSANTE_3": 18,
        "FACE_TOPO": 19,
        "interface_1_2": 20,
        "interface_2_3": 21
      }
    },
    "correspondencia_disponivel": 10
  },
  "vetor_tempo": [
    0.0,
    600.0,
    8640.0,
    17280.0,
    25920.0,
    34560.0,
    43200.0,
    51840.0,
    60480.0,
    69120.0,
    77760.0,
    86400.0,
    95040.0,
    103680.0,
    112320.0,
    120960.0,
    129600.0,
    138240.0,
    146880.0,
    155520.0,
    164160.0,
    172200.0,
    172800.0,
    173400.0,
    181440.0,
    190080.0,
    198720.0,
    207360.0,
    216000.0,
    224640.0,
    233280.0,
    241920.0,
    250560.0,
    259200.0,
    267840.0,
    276480.0,
    285120.0,
    293760.0,
    302400.0,
    311040.0,
    319680.0,
    328320.0,
    336960.0,
    345000.0,
    345600.0,
    346200.0,
    354240.0,
    362880.0,
    371520.0,
    380160.0,
    388800.0,
    397440.0,
    406080.0,
    414720.0,
    423360.0,
    432000.0,
    440640.0,
    449280.0,
    457920.0,
    466560.0,
    475200.0,
    483840.0,
    492480.0,
    501120.0,
    509760.0,
    518400.0,
    527040.0,
    535680.0,
    544320.0,
    552960.0,
    561600.0,
    570240.0,
    578880.0,
    587520.0,
    596160.0,
    604800.0,
    613440.0,
    622080.0,
    630720.0,
    639360.0,
    648000.0,
    656640.0,
    665280.0,
    673920.0,
    682560.0,
    691200.0,
    699840.0,
    708480.0,
    717120.0,
    725760.0,
    734400.0,
    743040.0,
    751680.0,
    760320.0,
    768960.0,
    777600.0,
    786240.0,
    794880.0,
    803520.0,
    812160.0,
    820800.0,
    829440.0,
    838080.0,
    846720.0,
    855360.0,
    864000.0
  ],
  "blocos_tempo": [
    {
      "id": 1,
      "inicio": 0.0,
      "fim": 172800,
      "duracao": 172800.0
    },
    {
      "id": 2,
      "inicio": 172800,
      "fim": 345600,
      "duracao": 172800
    },
    {
      "id": 3,
      "inicio": 345600,
      "fim": 864000,
      "duracao": 518400
    }
  ],
  "analise_resultados": {
    "bloco_1": {
      "info_bloco": {
        "id": 1,
        "inicio": 0.0,
        "fim": 172800,
        "duracao": 172800.0
      },
      "camadas_ativas": [
        "camada_1"
      ],
      "physical_groups": {
        "surfaces": [
          1,
          2,
          3,
          4,
          5,
          6
        ],
        "lines": [
          11,
          12,
          13,
          14,
          20
        ]
      },
      "elementos_nos": {
        "elementos_dominio": [
          0,
          1,
          2,
          3,
          4,
          5
        ],
        "nos_dominio": [
          0,
          1,
          2,
          3,
          4,
          5,
          6,
          7,
          8,
          9,
          10,
          11,
          12
        ],
        "elementos_contorno": [
          0,
          3,
          4,
          5,
          6,
          10,
          11,
          12,
          14,
          15,
          16,
          17
        ],
        "nos_contorno": [
          0,
          1,
          2,
          3,
          5,
          6,
          7,
          8,
          9,
          10,
          11,
          12
        ]
      },
      "diferencas": {}
    },
    "bloco_2": {
      "info_bloco": {
        "id": 2,
        "inicio": 172800,
        "fim": 345600,
        "duracao": 172800
      },
      "camadas_ativas": [
        "camada_1",
        "camada_2"
      ],
      "physical_groups": {
        "surfaces": [
          1,
          2,
          3,
          4,
          5,
          6,
          7,
          8
        ],
        "lines": [
          11,
          12,
          13,
          14,
          15,
          16,
          21
        ]
      },
      "elementos_nos": {
        "elementos_dominio": [
          0,
          1,
          2,
          3,
          4,
          5,
          6,
          7
        ],
        "nos_dominio": [
          0,
          1,
          2,
          3,
          4,
          5,
          6,
          7,
          8,
          9,
          10,
          11,
          12,
          13,
          14,
          15
        ],
        "elementos_contorno": [
          0,
          3,
          4,
          5,
          6,
          10,
          11,
          12,
          14,
          15,
          19,
          20,
          21,
          22
        ],
        "nos_contorno": [
          0,
          1,
          2,
          3,
          5,
          6,
          7,
          8,
          9,
          11,
          12,
          13,
          14,
          15
        ]
      },
      "diferencas": {
        "surfaces": {
          "entradas": [
            7,
            8
          ],
          "saidas": []
        },
        "lines": {
          "entradas": [
            15,
            16,
            21
          ],
          "saidas": [
            20
          ]
        },
        "elementos_dominio": {
          "entradas": [
            6,
            7
          ],
          "saidas": []
        },
        "nos_dominio": {
          "entradas": [
            13,
            14,
            15
          ],
          "saidas": []
        },
        "elementos_contorno": {
          "entradas": [
            19,
            20,
            21,
            22
          ],
          "saidas": [
            16,
            17
          ]
        },
        "nos_contorno": {
          "entradas": [
            13,
            14,
            15
          ],
          "saidas": [
            10
          ]
        }
      }
    },
    "bloco_3": {
      "info_bloco": {
        "id": 3,
        "inicio": 345600,
        "fim": 864000,
        "duracao": 518400
      },
      "camadas_ativas": [
        "camada_1",
        "camada_2",
        "camada_3"
      ],
      "physical_groups": {
        "surfaces": [
          1,
          2,
          3,
          4,
          5,
          6,
          7,
          8,
          9,
          10
        ],
        "lines": [
          11,
          12,
          13,
          14,
          15,
          16,
          17,
          18,
          19
        ]
      },
      "elementos_nos": {
        "elementos_dominio": [
          0,
          1,
          2,
          3,
          4,
          5,
          6,
          7,
          8,
          9
        ],
        "nos_dominio": [
          0,
          1,
          2,
          3,
          4,
          5,
          6,
          7,
          8,
          9,
          10,
          11,
          12,
          13,
          14,
          15,
          16,
          17,
          18
        ],
        "elementos_contorno": [
          0,
          3,
          4,
          5,
          6,
          10,
          11,
          12,
          14,
          15,
          19,
          20,
          24,
          25,
          26,
          27
        ],
        "nos_contorno": [
          0,
          1,
          2,
          3,
          5,
          6,
          7,
          8,
          9,
          11,
          12,
          14,
          15,
          16,
          17,
          18
        ]
      },
      "diferencas": {
        "surfaces": {
          "entradas": [
            9,
            10
          ],
          "saidas": []
        },
        "lines": {
          "entradas": [
            17,
            18,
            19
          ],
          "saidas": [
            21
          ]
        },
        "elementos_dominio": {
          "entradas": [
            8,
            9
          ],
          "saidas": []
        },
        "nos_dominio": {
          "entradas": [
            16,
            17,
            18
          ],
          "saidas": []
        },
        "elementos_contorno": {
          "entradas": [
            24,
            25,
            26,
            27
          ],
          "saidas": [
            21,
            22
          ]
        },
        "nos_contorno": {
          "entradas": [
            16,
            17,
            18
          ],
          "saidas": [
            13
          ]
        }
      }
    }
  }
}