{
  "info_geral": {
    "yaml_file": "barragem2.yaml",
    "xdmf_file": "barragem2.xdmf",
    "msh_file": "barragem2.msh",
    "tipo_numeracao": "XDMF/H5 (para solver)",
    "mapeamentos": {
      "physical_surfaces": {
        "camada_material_1": 1,
        "camada_material_2": 2,
        "camada_material_3": 3,
        "camada_material_4": 4,
        "camada_material_5": 5,
        "camada_material_6": 6,
        "camada_material_7": 7,
        "camada_material_8": 8,
        "camada_material_9": 9,
        "camada_material_10": 10
      },
      "physical_lines": {
        "ISOLAMENTO_PERFEITO": 11,
        "FUNDACAO_TOPO": 12,
        "FACE_MONTANTE_1": 13,
        "FACE_JUSANTE_1": 14,
        "FACE_MONTANTE_2": 15,
        "FACE_JUSANTE_2": 16,
        "FACE_MONTANTE_3": 17,
        "FACE_JUSANTE_3": 18,
        "FACE_TOPO": 19,
        "interface_1_2": 20,
        "interface_2_3": 21
      }
    },
    "correspondencia_disponivel": 90
  },
  "vetor_tempo": [
    0.0,
    600.0,
    8640.0,
    17280.0,
    25920.0,
    34560.0,
    43200.0,
    51840.0,
    60480.0,
    69120.0,
    77760.0,
    86400.0,
    95040.0,
    103680.0,
    112320.0,
    120960.0,
    129600.0,
    138240.0,
    146880.0,
    155520.0,
    164160.0,
    172200.0,
    172800.0,
    173400.0,
    181440.0,
    190080.0,
    198720.0,
    207360.0,
    216000.0,
    224640.0,
    233280.0,
    241920.0,
    250560.0,
    259200.0,
    267840.0,
    276480.0,
    285120.0,
    293760.0,
    302400.0,
    311040.0,
    319680.0,
    328320.0,
    336960.0,
    345000.0,
    345600.0,
    346200.0,
    354240.0,
    362880.0,
    371520.0,
    380160.0,
    388800.0,
    397440.0,
    406080.0,
    414720.0,
    423360.0,
    432000.0,
    440640.0,
    449280.0,
    457920.0,
    466560.0,
    475200.0,
    483840.0,
    492480.0,
    501120.0,
    509760.0,
    518400.0,
    527040.0,
    535680.0,
    544320.0,
    552960.0,
    561600.0,
    570240.0,
    578880.0,
    587520.0,
    596160.0,
    604800.0,
    613440.0,
    622080.0,
    630720.0,
    639360.0,
    648000.0,
    656640.0,
    665280.0,
    673920.0,
    682560.0,
    691200.0,
    699840.0,
    708480.0,
    717120.0,
    725760.0,
    734400.0,
    743040.0,
    751680.0,
    760320.0,
    768960.0,
    777600.0,
    786240.0,
    794880.0,
    803520.0,
    812160.0,
    820800.0,
    829440.0,
    838080.0,
    846720.0,
    855360.0,
    864000.0
  ],
  "blocos_tempo": [
    {
      "id": 1,
      "inicio": 0.0,
      "fim": 172800,
      "duracao": 172800.0
    },
    {
      "id": 2,
      "inicio": 172800,
      "fim": 345600,
      "duracao": 172800
    },
    {
      "id": 3,
      "inicio": 345600,
      "fim": 864000,
      "duracao": 518400
    }
  ],
  "analise_resultados": {
    "bloco_1": {
      "info_bloco": {
        "id": 1,
        "inicio": 0.0,
        "fim": 172800,
        "duracao": 172800.0
      },
      "camadas_ativas": [
        "camada_1"
      ],
      "physical_groups": {
        "surfaces": [
          1,
          2,
          3,
          4,
          5,
          6
        ],
        "lines": [
          11,
          12,
          13,
          14,
          20
        ]
      },
      "elementos_nos": {
        "elementos_dominio": [
          21,
          27,
          28,
          33,
          34,
          35,
          39,
          40,
          41,
          42,
          45,
          46,
          47,
          48,
          49,
          50,
          52,
          53,
          54,
          55,
          56,
          57,
          58,
          59,
          60,
          61,
          62,
          63,
          64,
          65,
          66,
          67,
          68,
          69,
          70,
          71,
          72,
          73,
          74,
          75,
          76,
          77,
          78,
          79,
          80,
          81,
          82,
          83,
          84,
          85,
          86,
          87,
          88,
          89
        ],
        "nos_dominio": [
          26,
          27,
          34,
          35,
          36,
          41,
          42,
          43,
          44,
          48,
          49,
          50,
          51,
          52,
          55,
          56,
          57,
          58,
          59,
          60,
          62,
          63,
          64,
          65,
          66,
          67,
          68,
          69,
          70,
          71,
          72,
          73,
          74,
          75,
          76,
          77,
          78,
          79,
          80,
          81,
          82,
          83,
          84,
          85,
          86,
          87,
          88,
          89,
          90,
          91,
          92,
          93,
          94,
          95,
          96,
          97,
          98,
          99,
          100,
          101,
          102,
          103,
          104,
          105,
          106,
          107,
          108,
          109,
          110,
          111,
          112,
          113,
          114
        ],
        "elementos_contorno": [
          52,
          54,
          55,
          67,
          71,
          80,
          86,
          94,
          102,
          118,
          125,
          137,
          145,
          150,
          151,
          152,
          155,
          156,
          163,
          164,
          167,
          168,
          169,
          175,
          176,
          177,
          178,
          183,
          187,
          190,
          194,
          197,
          200,
          201,
          202,
          203
        ],
        "nos_contorno": [
          26,
          27,
          34,
          36,
          41,
          44,
          48,
          52,
          60,
          64,
          70,
          74,
          77,
          78,
          80,
          81,
          85,
          86,
          88,
          89,
          90,
          93,
          94,
          95,
          96,
          99,
          100,
          102,
          104,
          106,
          108,
          110,
          111,
          112,
          113,
          114
        ]
      },
      "diferencas": {}
    },
    "bloco_2": {
      "info_bloco": {
        "id": 2,
        "inicio": 172800,
        "fim": 345600,
        "duracao": 172800
      },
      "camadas_ativas": [
        "camada_1",
        "camada_2"
      ],
      "physical_groups": {
        "surfaces": [
          1,
          2,
          3,
          4,
          5,
          6,
          7,
          8
        ],
        "lines": [
          11,
          12,
          13,
          14,
          15,
          16,
          21
        ]
      },
      "elementos_nos": {
        "elementos_dominio": [
          6,
          10,
          11,
          15,
          16,
          17,
          21,
          22,
          23,
          24,
          27,
          28,
          29,
          30,
          31,
          33,
          34,
          35,
          36,
          37,
          38,
          39,
          40,
          41,
          42,
          43,
          44,
          45,
          46,
          47,
          48,
          49,
          50,
          51,
          52,
          53,
          54,
          55,
          56,
          57,
          58,
          59,
          60,
          61,
          62,
          63,
          64,
          65,
          66,
          67,
          68,
          69,
          70,
          71,
          72,
          73,
          74,
          75,
          76,
          77,
          78,
          79,
          80,
          81,
          82,
          83,
          84,
          85,
          86,
          87,
          88,
          89
        ],
        "nos_dominio": [
          8,
          9,
          13,
          14,
          15,
          19,
          20,
          21,
          22,
          26,
          27,
          28,
          29,
          30,
          34,
          35,
          36,
          37,
          38,
          39,
          41,
          42,
          43,
          44,
          45,
          46,
          47,
          48,
          49,
          50,
          51,
          52,
          53,
          54,
          55,
          56,
          57,
          58,
          59,
          60,
          61,
          62,
          63,
          64,
          65,
          66,
          67,
          68,
          69,
          70,
          71,
          72,
          73,
          74,
          75,
          76,
          77,
          78,
          79,
          80,
          81,
          82,
          83,
          84,
          85,
          86,
          87,
          88,
          89,
          90,
          91,
          92,
          93,
          94,
          95,
          96,
          97,
          98,
          99,
          100,
          101,
          102,
          103,
          104,
          105,
          106,
          107,
          108,
          109,
          110,
          111,
          112,
          113,
          114
        ],
        "elementos_contorno": [
          16,
          17,
          19,
          29,
          31,
          41,
          45,
          55,
          61,
          67,
          77,
          80,
          91,
          94,
          105,
          119,
          125,
          137,
          145,
          150,
          151,
          152,
          155,
          156,
          163,
          164,
          167,
          168,
          169,
          175,
          176,
          177,
          178,
          183,
          187,
          190,
          194,
          197,
          200,
          201,
          202,
          203
        ],
        "nos_contorno": [
          8,
          9,
          14,
          15,
          20,
          22,
          27,
          30,
          34,
          39,
          41,
          47,
          48,
          54,
          61,
          64,
          70,
          74,
          77,
          78,
          80,
          81,
          85,
          86,
          88,
          89,
          90,
          93,
          94,
          95,
          96,
          99,
          100,
          102,
          104,
          106,
          108,
          110,
          111,
          112,
          113,
          114
        ]
      },
      "diferencas": {
        "surfaces": {
          "entradas": [
            7,
            8
          ],
          "saidas": []
        },
        "lines": {
          "entradas": [
            15,
            16,
            21
          ],
          "saidas": [
            20
          ]
        },
        "elementos_dominio": {
          "entradas": [
            6,
            10,
            11,
            15,
            16,
            17,
            22,
            23,
            24,
            29,
            30,
            31,
            36,
            37,
            38,
            43,
            44,
            51
          ],
          "saidas": []
        },
        "nos_dominio": {
          "entradas": [
            8,
            9,
            13,
            14,
            15,
            19,
            20,
            21,
            22,
            28,
            29,
            30,
            37,
            38,
            39,
            45,
            46,
            47,
            53,
            54,
            61
          ],
          "saidas": []
        },
        "elementos_contorno": {
          "entradas": [
            16,
            17,
            19,
            29,
            31,
            41,
            45,
            61,
            77,
            91,
            105,
            119
          ],
          "saidas": [
            52,
            54,
            71,
            86,
            102,
            118
          ]
        },
        "nos_contorno": {
          "entradas": [
            8,
            9,
            14,
            15,
            20,
            22,
            30,
            39,
            47,
            54,
            61
          ],
          "saidas": [
            26,
            36,
            44,
            52,
            60
          ]
        }
      }
    },
    "bloco_3": {
      "info_bloco": {
        "id": 3,
        "inicio": 345600,
        "fim": 864000,
        "duracao": 518400
      },
      "camadas_ativas": [
        "camada_1",
        "camada_2",
        "camada_3"
      ],
      "physical_groups": {
        "surfaces": [
          1,
          2,
          3,
          4,
          5,
          6,
          7,
          8,
          9,
          10
        ],
        "lines": [
          11,
          12,
          13,
          14,
          15,
          16,
          17,
          18,
          19
        ]
      },
      "elementos_nos": {
        "elementos_dominio": [
          0,
          1,
          2,
          3,
          4,
          5,
          6,
          7,
          8,
          9,
          10,
          11,
          12,
          13,
          14,
          15,
          16,
          17,
          18,
          19,
          20,
          21,
          22,
          23,
          24,
          25,
          26,
          27,
          28,
          29,
          30,
          31,
          32,
          33,
          34,
          35,
          36,
          37,
          38,
          39,
          40,
          41,
          42,
          43,
          44,
          45,
          46,
          47,
          48,
          49,
          50,
          51,
          52,
          53,
          54,
          55,
          56,
          57,
          58,
          59,
          60,
          61,
          62,
          63,
          64,
          65,
          66,
          67,
          68,
          69,
          70,
          71,
          72,
          73,
          74,
          75,
          76,
          77,
          78,
          79,
          80,
          81,
          82,
          83,
          84,
          85,
          86,
          87,
          88,
          89
        ],
        "nos_dominio": [
          0,
          1,
          2,
          3,
          4,
          5,
          6,
          7,
          8,
          9,
          10,
          11,
          12,
          13,
          14,
          15,
          16,
          17,
          18,
          19,
          20,
          21,
          22,
          23,
          24,
          25,
          26,
          27,
          28,
          29,
          30,
          31,
          32,
          33,
          34,
          35,
          36,
          37,
          38,
          39,
          40,
          41,
          42,
          43,
          44,
          45,
          46,
          47,
          48,
          49,
          50,
          51,
          52,
          53,
          54,
          55,
          56,
          57,
          58,
          59,
          60,
          61,
          62,
          63,
          64,
          65,
          66,
          67,
          68,
          69,
          70,
          71,
          72,
          73,
          74,
          75,
          76,
          77,
          78,
          79,
          80,
          81,
          82,
          83,
          84,
          85,
          86,
          87,
          88,
          89,
          90,
          91,
          92,
          93,
          94,
          95,
          96,
          97,
          98,
          99,
          100,
          101,
          102,
          103,
          104,
          105,
          106,
          107,
          108,
          109,
          110,
          111,
          112,
          113,
          114
        ],
        "elementos_contorno": [
          0,
          2,
          3,
          7,
          9,
          15,
          17,
          25,
          29,
          35,
          41,
          49,
          55,
          64,
          65,
          67,
          78,
          80,
          91,
          94,
          105,
          119,
          125,
          137,
          145,
          150,
          151,
          152,
          155,
          156,
          163,
          164,
          167,
          168,
          169,
          175,
          176,
          177,
          178,
          183,
          187,
          190,
          194,
          197,
          200,
          201,
          202,
          203
        ],
        "nos_contorno": [
          0,
          1,
          3,
          4,
          7,
          8,
          12,
          14,
          17,
          20,
          24,
          27,
          32,
          33,
          34,
          40,
          41,
          47,
          48,
          54,
          61,
          64,
          70,
          74,
          77,
          78,
          80,
          81,
          85,
          86,
          88,
          89,
          90,
          93,
          94,
          95,
          96,
          99,
          100,
          102,
          104,
          106,
          108,
          110,
          111,
          112,
          113,
          114
        ]
      },
      "diferencas": {
        "surfaces": {
          "entradas": [
            9,
            10
          ],
          "saidas": []
        },
        "lines": {
          "entradas": [
            17,
            18,
            19
          ],
          "saidas": [
            21
          ]
        },
        "elementos_dominio": {
          "entradas": [
            0,
            1,
            2,
            3,
            4,
            5,
            7,
            8,
            9,
            12,
            13,
            14,
            18,
            19,
            20,
            25,
            26,
            32
          ],
          "saidas": []
        },
        "nos_dominio": {
          "entradas": [
            0,
            1,
            2,
            3,
            4,
            5,
            6,
            7,
            10,
            11,
            12,
            16,
            17,
            18,
            23,
            24,
            25,
            31,
            32,
            33,
            40
          ],
          "saidas": []
        },
        "elementos_contorno": {
          "entradas": [
            0,
            2,
            3,
            7,
            9,
            15,
            25,
            35,
            49,
            64,
            65,
            78
          ],
          "saidas": [
            16,
            19,
            31,
            45,
            61,
            77
          ]
        },
        "nos_contorno": {
          "entradas": [
            0,
            1,
            3,
            4,
            7,
            12,
            17,
            24,
            32,
            33,
            40
          ],
          "saidas": [
            9,
            15,
            22,
            30,
            39
          ]
        }
      }
    }
  }
}